t,D_hat,D
1.000000000000000000e+00,5.458125472068786621e-01,6.374729537963867188e+01
2.000000000000000000e+00,3.707285821437835693e-01,4.329864501953125000e+01
3.000000000000000000e+00,2.522210478782653809e-01,2.945775032043457031e+01
4.000000000000000000e+00,1.656553596258163452e-01,1.934745025634765625e+01
5.000000000000000000e+00,1.063748002052307129e-01,1.242387294769287109e+01
6.000000000000000000e+00,6.725905835628509521e-02,7.855412483215332031e+00
7.000000000000000000e+00,4.211086779832839966e-02,4.918270587921142578e+00
8.000000000000000000e+00,2.619297243654727936e-02,3.059165716171264648e+00
9.000000000000000000e+00,1.618816703557968140e-02,1.890670657157897949e+00
1.000000000000000000e+01,9.972592815756797791e-03,1.164732813835144043e+00
1.100000000000000000e+01,6.130052730441093445e-03,7.159495949745178223e-01
1.200000000000000000e+01,3.754755947738885880e-03,4.385306537151336670e-01
