,MSE,MAE,RMSE,MAPE,R2,TimeSec
DGRN-NoGraph,1190.97,22.2584,34.5104,292409,0.942715,5.12929
ICS-DGRN,1202.37,22.2636,34.6752,297353,0.942166,5.16262
DGRN-NoICS,1196.46,22.2843,34.5899,273666,0.942451,5.11335
GraphESN,1225.9,22.4279,35.0129,312031,0.941034,2.382
ICS-DESN,1341.02,24.3885,36.6199,197697,0.935497,0.482871
DeepESN,1345.48,24.4086,36.6808,197901,0.935282,0.479631
ESN,1361.19,24.5421,36.8943,196646,0.934527,0.31803
LastRepeat,1587.39,25.4043,39.8421,153704,0.923647,0.0288682
Ridge,1728.36,27.9975,41.5735,224424,0.916866,0.106551
HA,2363.74,31.9806,48.6183,159055,0.886305,0.0303833
