h,MAE
1.000000000000000000e+00,1.400446198209874815e+01
2.000000000000000000e+00,1.581850694364660015e+01
3.000000000000000000e+00,1.709751102366728048e+01
4.000000000000000000e+00,1.816392661491842730e+01
5.000000000000000000e+00,1.875832519980037816e+01
6.000000000000000000e+00,1.991337726655847717e+01
7.000000000000000000e+00,2.092337827363855851e+01
8.000000000000000000e+00,2.184624491343778629e+01
9.000000000000000000e+00,2.242983834533691478e+01
1.000000000000000000e+01,2.326291245063332980e+01
1.100000000000000000e+01,2.429873588382496408e+01
1.200000000000000000e+01,2.560098732730640947e+01
