,MSE,MAE,RMSE,MAPE,R2,TimeSec,dataset
ESN,0.00104128,0.0231785,0.0322689,2445.75,0.991934,0.0762312,logistic
DeepESN,0.00139953,0.0194061,0.0374103,812.192,0.989158,0.169552,logistic
ICS-DESN,0.000953915,0.0147225,0.0308855,599.335,0.99261,0.222715,logistic
Ridge,0.131277,0.326158,0.362322,47353.5,-0.0149507,0.0121245,logistic
ICS-DGRN,0.00898542,0.0807011,0.0947914,7783.57,0.930434,0.397484,logistic
ESN,3.15774e-08,0.000101865,0.0001777,0.0355307,0.999999,0.124892,lorenz
DeepESN,7.29759e-09,4.74657e-05,8.54259e-05,0.0121921,1,0.189321,lorenz
ICS-DESN,3.02982e-09,4.11584e-05,5.50438e-05,0.0118086,1,0.206918,lorenz
Ridge,8.22761e-05,0.00578128,0.00907061,2.12125,0.99716,0.00373697,lorenz
ICS-DGRN,5.2302e-07,0.000526159,0.000723201,0.164875,0.999982,0.163675,lorenz
ESN,0.00370237,0.0480092,0.0608471,16192.1,0.945079,0.091903,sunspot
DeepESN,0.00361397,0.0472462,0.0601163,15337.5,0.946391,0.153394,sunspot
ICS-DESN,0.00357603,0.0469555,0.0597999,16523.7,0.946953,0.167125,sunspot
Ridge,0.00411465,0.0506219,0.0641455,15293,0.938616,0,sunspot
ICS-DGRN,0.00390195,0.049154,0.0624656,12485.3,0.941895,0.31212,sunspot
ESN,0.00061776,0.017949,0.0248548,916.899,0.931209,0.0918443,ETTh1
DeepESN,0.00325567,0.0300384,0.0570585,1618.96,0.637463,0.18154,ETTh1
ICS-DESN,0.070516,0.08406,0.265549,15834.2,-6.85235,0.258425,ETTh1
Ridge,0.000715682,0.0200307,0.0267522,1038.15,0.920751,0.00574231,ETTh1
ICS-DGRN,0.000598509,0.017497,0.0244644,620.485,0.933353,0.257216,ETTh1
ESN,1.05078e-05,0.00324157,0.00324157,32415.7,-7.35543e+09,0.103249,weather
DeepESN,2.51484e-06,0.00158583,0.00158583,15858.3,-1.76039e+09,0.197203,weather
ICS-DESN,3.7067e-06,0.00192528,0.00192528,19252.8,-2.59469e+09,0.23207,weather
Ridge,0.000125157,0.00719563,0.0111874,71956.3,-8.71092e+10,0.00616574,weather
ICS-DGRN,0.000142791,0.00816902,0.0119495,81690.2,-9.99534e+10,0.2425,weather
