MSE,MAE,RMSE,MAPE,R2,TrainTimeSec,InferTimeSec,TrainableParams,TotalParams,Epochs,best_val_mae,PeakGPUMemMB,MAE_h1,MAE_h12,DeltaMAE,G_horizon,esp_ok,max_kappa,esp_target,phi_density,train_recurrent,seed,compression_dim,compression_ratio,phi_spec_norm_l0,dataset,model
983.0945386555543,20.167455334158504,31.354338434346758,300917.0738387967,0.9527133559819013,322.6767299000021,0.09672729999874718,38494.0,49534.0,300.0,0.13998445808887483,0.0,14.016487856158088,25.556484361715878,11.53999650555779,0.8233158423126474,True,0.919381271570046,0.9,1.0,False,42,28.0,0.5,1.9051685333251953,PEMS08,ICS-DGRN
984.7787530134686,20.24515411724016,31.38118469741811,358430.6746522147,0.9526323456195593,203.11229549999916,0.03032090000124299,4156.0,,300.0,,,,,,,,,,,,42,,,,PEMS08,AGCRN
947.4309998485472,20.329437017179004,30.780367116857903,197728.87251640306,0.9551403989969769,292.42459450000024,0.06435240000064368,38494.0,49534.0,300.0,0.14924637496471405,0.0,14.448057470703125,25.584693271233053,11.136635800529929,0.7708050596498601,True,0.9146417328663645,0.9,1.0,False,43,28.0,0.5,1.736163854598999,PEMS08,ICS-DGRN
954.0233781006392,20.53431680016611,30.887268867619863,233027.06857103846,0.9548282586320351,190.01402219999727,0.031938500000251224,4156.0,,300.0,,,,,,,,,,,,43,,,,PEMS08,AGCRN
993.6259288593337,20.286254122311462,31.521832574571768,200507.35468166525,0.9539022100856183,286.0571280000004,0.06503549999979441,38494.0,49534.0,300.0,0.1470619398355484,0.0,14.497180847527,25.699415570606906,11.202234723079906,0.7727181471279527,True,0.9016580094978366,0.9,1.0,False,44,28.0,0.5,1.7855498790740967,PEMS08,ICS-DGRN
969.9811075386717,20.22454682003844,31.144519703130303,201702.13824765684,0.9549991762316752,191.8887450000002,0.026161300000239862,4156.0,,300.0,,,,,,,,,,,,44,,,,PEMS08,AGCRN
1496.479424480134,25.111285318488537,38.68435632759235,2659162.8783690273,0.9405496405450013,365.81535769999755,0.12080599999899277,39590.0,50630.0,300.0,0.1679915291070938,0.0,18.542072077748053,31.44965770301446,12.907585625266407,0.696124228788676,True,0.9519905273236873,0.9,1.0,False,42,28.0,0.5,1.9324820041656494,PEMS04,ICS-DGRN
1441.0414889685178,24.792320265994658,37.96105226371521,2238628.1604132075,0.9426912025066903,371.8593563000031,0.11494029999812483,39590.0,50630.0,300.0,0.17538842022418977,0.0,18.106291355195186,30.97861509689679,12.872323741701603,0.7109309957065385,True,0.9050930631322913,0.9,1.0,False,43,28.0,0.5,1.9709397554397583,PEMS04,ICS-DGRN
1453.9036684136258,25.13847826007756,38.130088754337116,2518046.972109878,0.9424794558869449,378.2275058000014,0.11542080000072019,39590.0,50630.0,300.0,0.15812990427017212,0.0,18.928902312039554,31.394033572218706,12.465131260179152,0.6585237249732553,True,0.9647368205429458,0.9,1.0,False,44,28.0,0.5,1.9484797716140747,PEMS04,ICS-DGRN
870.4593532861975,18.588313957249873,29.503548147404196,722275.1744061989,0.9538822854029333,429.07531390000076,0.15181529999972554,39998.0,51038.0,300.0,0.14257545292377471,0.0,12.885535525359256,23.460441773313384,10.574906247954129,0.820680384384668,True,0.9055740945710156,0.9,1.0,False,42,28.0,0.5,2.062335252761841,PEMS03,ICS-DGRN
859.909909940256,18.659139020624995,29.3242205342317,654069.1186451808,0.958189305527753,462.0684595999992,0.15115609999702428,39998.0,51038.0,300.0,0.13062006294727324,0.0,13.49302618331483,23.65035150393694,10.157325320622109,0.7527833402696888,True,0.8846015309990634,0.9,1.0,False,43,28.0,0.5,2.070751905441284,PEMS03,ICS-DGRN
877.3726908921172,19.045429960460414,29.620477560162957,717338.7099605518,0.9557970503156148,481.0374785999993,0.15419739999924786,39998.0,51038.0,300.0,0.13499383002519608,0.0,13.727321771888093,24.082074836688335,10.354753064800242,0.7543170646735718,True,0.9089496699230537,0.9,1.0,False,44,28.0,0.5,1.908910870552063,PEMS03,ICS-DGRN
