Dimension,Kind,BestValue,ICS-DGRN,ICS-DGRN_Rank,ICS-DGRN_Excellent,ExcellentModels
MAE,acc,26.926255533216313,26.926255533216313,1,True,"ICS-DGRN, STGCN"
RMSE,acc,41.410212722973895,41.410212722973895,1,True,"ICS-DGRN, STGCN, AGCRN"
MAPE,acc,2225151.083121311,2225151.083121311,1,True,"ICS-DGRN, GWNet"
R2,acc,0.9318762325436916,0.9318762325436916,1,True,"ICS-DGRN, STGCN, GWNet, AGCRN"
InferTimeSec,eff,0.06811310000011872,0.8671712000000298,5,False,"AGCRN, TGCN, STGCN"
TrainableParams,eff,3564.0,119759.0,5,False,"TGCN, AGCRN, GWNet"
ModelSizeMB,eff,0.0135955810546875,0.4568443298339844,5,False,"TGCN, AGCRN, GWNet"
ParamEff,eff,2070.4604620508935,9318.157427554055,5,False,"AGCRN, TGCN, GWNet"
MAE_TrainCost,eff,271.7533056115309,4719.581975635575,5,False,"AGCRN, TGCN, STGCN"
ESP_Guarantee,theory,1.0,1.0,1,True,ICS-DGRN
