horizon,ICS-DGRN,STGCN,TGCN,GWNet,AGCRN
1,14.016487856158088,13.9568168726304,16.559294925465302,14.07402596615062,14.443522855870864
2,15.832571245799345,15.95304749953326,18.315878972850125,16.011148527437097,15.939253588328642
3,17.107174355899588,17.25774189112046,19.571978231093464,17.44439529275333,17.073182299625174
4,18.172276723525105,18.354244214764762,20.690585098087087,18.59506888104607,18.06496650767607
5,18.76267401410271,19.12770131333295,21.61132948069853,19.374462491203758,18.591217038502414
6,19.9160195892334,20.365635917932845,22.88513716125488,20.793918886072497,19.671497660199332
7,20.910084560439167,21.636774827126896,24.351391531551585,22.035732901360007,20.743902773150275
8,21.830162454403148,22.85589392556583,25.741732817526426,23.30653973083496,21.883264304486442
9,22.41305444138471,23.934514931173887,26.909588544239718,24.466613556626264,22.541619049969842
10,23.23427733369715,25.083848574290556,28.119184368178423,25.64559008447984,23.446126802332262
11,24.258197073543773,26.38614444167193,29.36101054382324,26.893232208251952,24.56354426915786
12,25.556484361715878,27.874207217048195,30.86450048074161,28.402431021118165,25.97975225758272
